{
  "env": {
    "browser": true,
    "es2021": true
  },
  "extends": [
    "eslint:recommended",
    "plugin:react/recommended",
    "plugin:import/errors",
    "plugin:jsx-a11y/recommended",
    "plugin:prettier/recommended"
  ],
  "parser": "@babel/eslint-parser",
  "settings": {
    "react": {
      "version": "detect"
    },
    "import/resolver": {
      "node": {
        "paths": ["src"],
        "extensions": [".js", ".jsx"]
      }
    }
  },
  "parserOptions": {
    "requireConfigFile": false,
    "ecmaFeatures": {
      "jsx": true
    },
    "babelOptions": {
      "presets": ["@babel/preset-react"]
    },
    "ecmaVersion": 12,
    "sourceType": "module"
  },
  "plugins": ["react", "react-hooks", "prettier"],
  "rules": {
    "prettier/prettier": ["error", { "endOfLine": "auto" }],
    "jsx-quotes": ["error", "prefer-double"],
    "react/jsx-props-no-spreading": "off",
    "react/react-in-jsx-scope": "off",
    "react/jsx-filename-extension": [1, { "extensions": [".js", ".jsx"] }],
    "camelcase": "off",
    "new-cap": "warn",
    "no-eval": "warn",
    "class-methods-use-this": "off",
    "import/prefer-default-export": "warn",
    "import/no-extraneous-dependencies": [
      "error",
      { "devDependencies": ["**/*.stories.*", "**/*.spec.js"] }
    ],
    "no-case-declarations": "warn",
    "no-console": "error"
  },
  "noInlineConfig": true,
  "reportUnusedDisableDirectives": true,
  "ignorePatterns": [
    "**/node_modules/**",
    "**/static/**",
    "**/public/**",
    "**/.cache/**",
    "**/__stories__/**"
  ]
}
